{
  "iou_background": 0.9584447145462036,
  "dice_background": 0.9787814617156982,
  "precision_background": 0.9854837656021118,
  "recall_background": 0.9721697568893433,
  "iou_cell": 0.9112488031387329,
  "dice_cell": 0.9535637497901917,
  "precision_cell": 0.9395791888237,
  "recall_cell": 0.9679709076881409,
  "iou": 0.9112488031387329,
  "dice": 0.9535637497901917,
  "precision": 0.9395791888237,
  "recall": 0.9679709076881409,
  "miou": 0.9348467588424683,
  "mdice": 0.966172605752945,
  "f1": 0.9535637539961191,
  "accuracy": 0.9708724021911621,
  "num_samples": 159
}