{
  "train_loss": [
    0.2966354242247394,
    0.2113916238403728,
    0.17660867378243014,
    0.16782259571756053,
    0.15969751304031438
  ],
  "val_loss": [
    0.20828423251708347,
    0.17251866360505422,
    0.1508374830087026,
    0.1509421780705452,
    0.14747946734229725
  ],
  "train_iou": [
    0.860468327999115,
    0.907887876033783,
    0.921546459197998,
    0.9270205497741699,
    0.9238893985748291
  ],
  "val_iou": [
    0.9167290925979614,
    0.9225975275039673,
    0.930953860282898,
    0.929961085319519,
    0.9318380951881409
  ],
  "train_dice": [
    0.9193004369735718,
    0.9508122205734253,
    0.9586367607116699,
    0.9616333246231079,
    0.9599583148956299
  ],
  "val_dice": [
    0.95611572265625,
    0.9593427181243896,
    0.9639432430267334,
    0.9632548689842224,
    0.9642786383628845
  ],
  "lr": [
    0.0001,
    9.045084971874738e-05,
    6.545084971874737e-05,
    3.454915028125263e-05,
    9.549150281252631e-06
  ]
}