{
  "train_loss": [
    0.37861036747059923,
    0.28623016432244724,
    0.26502830424207324,
    0.24029438895113925,
    0.23223590026510524,
    0.21551237841869922,
    0.20515647150100547,
    0.195374219341481,
    0.1858148768227151,
    0.18265320107023766,
    0.17932648481206692,
    0.17094689892961623,
    0.1676881823768007,
    0.16362808866703765,
    0.16595049868238734,
    0.16690535431212566,
    0.16463837408004922,
    0.15970117043941578,
    0.16341378523948344,
    0.15876977541979323
  ],
  "val_loss": [
    0.3007685914635658,
    0.2662915177643299,
    0.23518971850474676,
    0.2160615399479866,
    0.20239410425225893,
    0.18726943929990134,
    0.20103507613142332,
    0.18023615082105002,
    0.16458985209465027,
    0.17521409938732782,
    0.15899152184526125,
    0.16368635619680086,
    0.15038218473394713,
    0.15809843813379607,
    0.1542299104233583,
    0.15634781370560327,
    0.15434461956222853,
    0.15465723226467767,
    0.15300695970654488,
    0.15999304751555124
  ],
  "train_iou": [
    0.8259576559066772,
    0.9023839235305786,
    0.9097683429718018,
    0.922026515007019,
    0.9233249425888062,
    0.9293749332427979,
    0.9298433065414429,
    0.9301187992095947,
    0.9345027804374695,
    0.9313333630561829,
    0.9305490255355835,
    0.9356643557548523,
    0.936700165271759,
    0.936538815498352,
    0.9342492818832397,
    0.9318928122520447,
    0.9391427636146545,
    0.9388169050216675,
    0.938081681728363,
    0.9395068883895874
  ],
  "val_iou": [
    0.9092637300491333,
    0.895950436592102,
    0.9199685454368591,
    0.931137204170227,
    0.9329404830932617,
    0.9331398010253906,
    0.9242173433303833,
    0.931632399559021,
    0.9415919780731201,
    0.934786319732666,
    0.9396347999572754,
    0.9324315786361694,
    0.9403269290924072,
    0.9378592371940613,
    0.9423925876617432,
    0.9444970488548279,
    0.933851957321167,
    0.9407181739807129,
    0.9305763244628906,
    0.9339413642883301
  ],
  "train_dice": [
    0.8968973159790039,
    0.9480533599853516,
    0.9520688652992249,
    0.9590684175491333,
    0.9597054123878479,
    0.9630732536315918,
    0.9633169174194336,
    0.9634532332420349,
    0.9658690690994263,
    0.9640905857086182,
    0.9636588096618652,
    0.9664655923843384,
    0.9670482873916626,
    0.9669756889343262,
    0.9656496047973633,
    0.9643956422805786,
    0.9683471918106079,
    0.9681931734085083,
    0.9677911996841431,
    0.9685888290405273
  ],
  "val_dice": [
    0.9521776437759399,
    0.9445226192474365,
    0.9580838680267334,
    0.9641519784927368,
    0.965080976486206,
    0.9652690291404724,
    0.9602416753768921,
    0.9644040465354919,
    0.9697685241699219,
    0.966086745262146,
    0.9687063097953796,
    0.9647853970527649,
    0.9690701961517334,
    0.9677566885948181,
    0.970144510269165,
    0.971298336982727,
    0.9655449390411377,
    0.9692317247390747,
    0.9636965990066528,
    0.9655552506446838
  ],
  "lr": [
    0.0001,
    9.938441702975689e-05,
    9.755282581475769e-05,
    9.45503262094184e-05,
    9.045084971874738e-05,
    8.535533905932738e-05,
    7.938926261462366e-05,
    7.269952498697734e-05,
    6.545084971874738e-05,
    5.782172325201156e-05,
    5.000000000000001e-05,
    4.217827674798848e-05,
    3.454915028125264e-05,
    2.730047501302267e-05,
    2.0610737385376356e-05,
    1.464466094067263e-05,
    9.549150281252635e-06,
    5.4496737905816115e-06,
    2.4471741852423237e-06,
    6.155829702431171e-07
  ]
}