{
  "iou_background": 0.9598063826560974,
  "dice_background": 0.9794910550117493,
  "precision_background": 0.9900653958320618,
  "recall_background": 0.9691401720046997,
  "iou_cell": 0.901276707649231,
  "dice_cell": 0.9480752348899841,
  "precision_cell": 0.9231135249137878,
  "recall_cell": 0.9744244813919067,
  "iou": 0.901276707649231,
  "dice": 0.9480752348899841,
  "precision": 0.9231135249137878,
  "recall": 0.9744244813919067,
  "miou": 0.9305415451526642,
  "mdice": 0.9637831449508667,
  "f1": 0.9480752533550948,
  "accuracy": 0.9705959558486938,
  "num_samples": 3
}